source,id,title,time_signatures,key_signatures
bc100,BC001,"Ô Canada, Terre de nos aïeux",4/4,F
bc100,BC002,Le petit mousse,9/8,F
bc100,BC003,Les cloches du hameau,6/8,D
bc100,BC004,La laine des moutons,3/8,a
bc100,BC005,"Partons, la mer est belle!",6/8,Bb
bc100,BC006,"Gailonla, gai le rosier",3/8,D
bc100,BC007,La feuille d'érable,2/4; 6/8; 9/8,F
bc100,BC008,À la claire fontaine,4/4,D
bc100,BC009,En passant par la Lorraine,6/8; 9/8,Eb
bc100,BC010,Alouette,2/4,D
bc100,BC011,Dans la  Garde nationale,6/8,G
bc100,BC012,,2/4,G
bc100,BC013,Le p'tit avocat,2/4,D; f; F
bc100,BC014_o-canada-mon-pays-mes-amours_p22-23,"Ô Canada, mon pays, mes amours!",4/4,F
bc100,BC015,Le Carillonneur,4/4,D
bc100,BC016,Vive la Canadienne,2/4,Eb
bc100,BC017,Vive le Canadien,6/8,D
bc100,BC018,C'est l'aviron qui nous mène en haut,2/4,D
bc100,BC019,Souvenir d'un vieillard,4/4,F
bc100,BC020,Le petit Grégoire,2/4,
bc100,BC021,,2/4,D
bc100,BC022,"Debout, les Gars!",2/4,F
bc100,BC023,La prière en famille,2/2,G
bc100,BC024,Dans la forêt prochaine,2/4,F
bc100,BC025,V'là l'bon vent,2/4,D
bc100,BC026,Isabeau s'y promène,6/8,D
bc100,BC027,Frère Jacques,2/4,D
bc100,BC028,Les filles de la Rochelle,6/8,F
bc100,BC029,L'Hirondelle,4/4,Eb
bc100,BC030,Le p'tit cordonnier,6/8,F
bc100,BC031,Le petit prince,2/4,C
bc100,BC032,À la volette,2/4,F
bc100,BC033,Au clair de la lune,4/4,G
bc100,BC034,Il était un petit navire,3/4; 2/4,G
bc100,BC035,J'entends le moulin,2/4,g
bc100,BC036,Mon beau sapin,3/4,G
bc100,BC037,Le vieux sapin,6/8,C
bc100,BC038,Il faut croire au bonheur,2/4,F
bc100,BC039,Ne pleure pas Jeannette,2/4,G
bc100,BC040,Veillée rustique,2/4,D
bc100,BC041,Au fond des campagnes,6/8,D
bc100,BC042,Margoton,2/4,D
bc100,BC043,C'était Anne de Bretagne,6/8; 9/8; 2/4; 3/4,g
bc100,BC044,Le coeur de ma mie,2/4,C; G
bc100,BC045,C'est la belle Françoise,6/8,g
bc100,BC046,Ça fait peur aux oiseaux,3/4,g
bc100,BC047,Alouette n'aie pas peur de moi,2/2,Eb; Bb
bc100,BC048,Mon merle,2/4; 3/4,D
bc100,BC049,Le temps des sucres,6/8,g
bc100,BC050_le-temps-des-lilas_p63,Le temps des Lilas,6/8; 3/4,f
bc100,BC051_perrine-etait-servate_p64,Perrine était servante,2/4; 3/4,G
bc100,BC052,Le temps des pommes,2/4,C
bc100,BC053,Ave Maria,4/4,Bb
bc100,BC054,"René Goupil à sa mère (Air de: ""La Lettre du Gabier"")",3/4,D
bc100,BC055,Au bois du rossignolet,2/4,F
bc100,BC056,Quand il neige sur mon pays,2/2,F
bc100,BC057,Rêves canadiens,4/4,G
bc100,BC058,Y en a pas comm' vous,6/8,G
bc100,BC059,Mariann' s'en va-t-au moulin,6/8,G
bc100,BC060,La jardinière du Roi,3/4,D
bc100,BC061,La vie est belle,3/4,F
bc100,BC062,Marche des Rois mages,4/4,g
bc100,BC063,La rim doum dim,2/4,F
bc100,BC064,Ferme tes jolis yeux,6/8,G; e; D; A
bc100,BC065,Ah! Si mon moine voulait danser,2/4,G
bc100,BC066,Nanette,2/4,G
bc100,BC067,Mon père avait cinq cents moutons,6/8; 9/8; 12/8,G
bc100,BC068,La bergère fidèle,6/8,g
bc100,BC069,Le credo du pêcheur,2/4,Eb
bc100,BC070,"Envoyons d'l'avant, nos gens!",2/4,a
bc100,BC071,Ne fais jamais pleurer ta mère,3/4,G
bc100,BC072,Le sourire,6/8; 9/8,F
bc100,BC073,Mon père n'avait fille que moi,2/4; 3/4,d
bc100,BC074,J'ai tant dansé,4/4,Bb
bc100,BC075,La ronde du bonheur,4/4,g
bc100,BC076,Cécilia,6/8,D
bc100,BC077,Boum badiboum,3/4; 2/4,g
bc100,BC078,"Tu danses bien, Madeleine",4/4,D
bc100,BC079,Entendez-vous sur l'ormeau,4/4,D
bc100,BC080,"Bonhomme, bonhomme",6/8,Bb
bc100,BC081,La grand' d'mande,2/4,C; A; a
bc100,BC082,Mon père m'y marie,2/4,d
bc100,BC083,Belle rose du printemps,3/4; 2/4,G
bc100,BC084,Si tu pouvais rêver toujours! (Berceuse),12/8,C
bc100,BC085,Berceuse,3/4,F
bc100,BC086,"Quand j'étais chez mon père, apprenti pastouriau",3/4,G
bc100,BC087,"Papillon, tu es volage",2/4,g
bc100,BC088,Santa Lucia (Bararolle Napolitaine),3/4,C
bc100,BC089,Marie Ma-de-leine,2/4; 3/4; 4/4,G
bc100,BC090,"Meunier, tu dors",4/4; 3/4; 2/4,G
bc100,BC091,Bourdon,4/4,C
bc100,BC092,Sur la route de Dijon,2/4,G
bc100,BC093,Les gars de Locminé,2/2,e
bc100,BC094,Je n'ai pas de barbe au menton,2/4,g
bc100,BC095,Le bal chez Boulé,6/8,G
bc100,BC096,Le nez de Martin,2/4,g
bc100,BC097,Colin (ou: La poule à Colin),4/4,a
bc100,BC098,Un p'tit moulin sur la rivière,2/4; 3/4,F
bc100,BC099,Marie Calumet,2/4,C
bc100,BC100,Pot pourri,2/4; 3/4; 6/8; 9/8; 4/4,G
bc100,BC101,Le crédo du paysan,12/8,C; G; e; a
bc100,BC102,Le lac des amours,6/8,D
bc100,BC103,,2/4,C
bc100,BC104,Dans tous les cantons,2/4,G
bc100,BC105,Il n'y a qu'un seul Dieu,2/4; 3/4,
bc100,BC106,Comm'ça,2/4,Bb
bc100,BC107,,2/4,G
bc100,BC108,J'ai cueilli la belle rose,3/4; 2/4,Bb
bc100,BC102,Le lac des amours,6/8,D
bc100,BC110,La Bonne Chanson se chante partout,3/4,C
bc100,BC111,Youppe! Youppe! Sur la rivière,2/4; 6/8; 9/8,G
bc100,BC112,"Bonsoir, mes amis, bonsoir!",2/4; 4/4,G
bc100,BC113,Nos souvenirs,3/4,C
bc100,BC114,Au revoir,4/4,G
eg104,EG001,Adam et Ève,,G
eg104,EG002b,Ah! je m'en vais entrer en danse,2/4,C
eg104,EG002c,Ah! je m'en vais entrer en danse,2/4,C
eg104,EG003,Ah! Qui marierons-nous?,2/4,F
eg104,EG004,Ah! Qui me passera le bois,6/8,g
eg104,EG005,Ah! Si mon moine voulait danser!,2/8,G
eg104,EG006b,À la claire fontaine,2/4,F
eg104,EG006c,À la claire fontaine,3/8,G
eg104,EG007,À la santé de ces jeunes mariés,3/4,G
eg104,EG008,"À Saint-Malo, beau port de mer",2/4,G
eg104,EG009,Au bois du rossignolet,2/4,F
eg104,EG010,Au jardin de mon père un oranger lui ya,2/4,C
eg104,EG011,Aurai-je Nanette?,3/8,g
eg104,EG012,Bal chez boulé,3/8,F
eg104,EG013,"Bonhomme, bonhomme, que sait-tu donc faire?",2/4,
eg104,EG014,Cécilia,6/8,F
eg104,EG015,Celle que mon cœur aime,3/8,G
eg104,EG016,C'est dans la ville de Bytown,2/4; 3/4,g
eg104,EG017,C'est dans la ville de Rouen,2/4; 2/8,F
eg104,EG018,C'est dans Paris ya-t-une brune,3/8,G
eg104,EG019b,C'est la belle françoise,6/8,g
eg104,EG019c,C'est la belle françoise,6/8,g
eg104,EG019d,C'est la belle Françoise (autre air),3/8,A
eg104,EG020b,C'est la plus belle de céans,6/8,
eg104,EG020c,C'est la plus belle de céans,6/8,
eg104,EG021,C'est la poulette grise,2/4,C
eg104,EG022,C'est le bon vin qui danse,3/8,Eb
eg104,EG023,C'est l'vent frivolant,2/4,C
eg104,EG024,C'est pinson avec cendrouille,2/4,C
eg104,EG025,C'était une frégate,3/8,
eg104,EG026,Chez mon père ya trois filles,4/4,C
eg104,EG027,Dans les chantiers nous hivernerons,2/4,C
eg104,EG028b,Dans les prisons de Nantes,2/4,a
eg104,EG028c,Dans les prisons de Nantes,2/4,G
eg104,EG029,Dans ma main droite je tiens rosier,2/8,G
eg104,EG030,Dans Paris ya-t-une brune plus bell' que le jour,2/4,d
eg104,EG031,Dans tous les cantons,2/4,Bb
eg104,EG032b,Descendez à l'ombre,2/8,F
eg104,EG032c,Descendez à l'ombre,2/4; 2/8,G
eg104,EG033,Digue dindaine,2/4,F
eg104,EG034,"D'où viens-tu, bergère?",2/4,C
eg104,EG035,En filant ma quenouille,2/4,A
eg104,EG036,En revenant de la joli' Rochelle,2/4,d
eg104,EG037,En roulant ma boule,6/8,C
eg104,EG038,Entre Paris et Saint-Denis,3/8,F
eg104,EG039,Et moi je m'enfouiyais,2/4,g
eg104,EG040,Et moi je m'en passé!,2/4; 3/4,C
eg104,EG041,"Fendez le bois, chauffez le four",2/2,e
eg104,EG042,François Marcotte,3/8,G
eg104,EG044,Frit à l'huile,6/8,F
eg104,EG045,"Gai lon la, gai le rosier",3/8,F
eg104,EG046,Genticorum,2/4,g
eg104,EG047,Hier sur le pont d'Avignon,2/4; 3/8,G
eg104,EG048,Il n'y a qu'un seul Dieu,4/4,C
eg104,EG049,Isabeau s'y promène,3/8,g
eg104,EG050,Jacquot Hugues,4/4,F
eg104,EG051,J'ai cueilli la belle rose,2/4,C
eg104,EG052,J'ai fait une maitresse,3/8,F
eg104,EG053,J'aim'rai tendrement ces amants constant,2/4; 2/8,C
eg104,EG054,J'ai perdu mon amant,3/4; 2/4; 4/4,
eg104,EG055,"J'ai tant dansé, j'ai tant santé",2/4,C
eg104,EG056,J'ai tant d'enfants à marier!,6/8,A
eg104,EG057,J'ai trop grand' peur des loups,2/4,A
eg104,EG058,J'ai trouvé le nique du lièvre,3/8,F
eg104,EG059,"J'ai vu le loup, le r'nard passer",2/4,A
eg104,EG060b,Jamais je nourrirai de geai,2/4,G
eg104,EG060c,Jamais je nourrirai de geai,3/8,G
eg104,EG061,Je le mène bien mon dévidoi'!,2/4,a
eg104,EG062,Je me suis mis au rang d'aimer,6/8,G
eg104,EG063b,"Je n'ai pas de barbe au menton, mais il m'en vient",3/8,C
eg104,EG063c,"Je n'ai pas de barbe au menton, mais il m'en vient",2/4,
eg104,EG064,Je ne veux pas d'un habitant,6/8,a
eg104,EG065,"J'entends le moulin tique, tique, taque",2/4,C
eg104,EG066,La bibournoise,6/8; 3/8,e
eg104,EG067,La fille du roi d'Espagne,3/8,A
eg104,EG069,Le Juif-Errant,6/8,G
eg104,EG070,Le P'tit bois d'l'Ail,3/8,G
eg104,EG071,Lève ton pied,6/8,a
eg104,EG072,Malbrough,3/8,G
eg104,EG073,Mariann' s'en va-t-au moulin,3/8,G
eg104,EG074,"Marianson, dame jolie",2/4,C
eg104,EG075,M'en revenant de Saint-André,2/4,e
eg104,EG076b,Mon beau ruban gris,3/8,C
eg104,EG076c,Mon beau ruban gris,6/8,a
eg104,EG077,"Mon cri cra, tir' la lirette",2/4,C
eg104,EG078,Mon père avait un beau champ de pois,2/4,G
eg104,EG079,"Mon, ton, ton, turlutaine",6/8; 3/8,F
eg104,EG080,Nous étions trois capitaines,2/4,a
eg104,EG081,Papillon tu es volage,2/4,a
eg104,EG082,Par derrièr' chez ma tante ya-t-un arbre planté,3/8,d
eg104,EG083,Par derrièr' chez mon père,2/4,F
eg104,EG084,Perrette est bien malade,4/4; 3/8,C
eg104,EG085b,Petit Rocher de la Haute Montagne,6/8,g
eg104,EG085c,Petit Rocher de la Haute Montagne,6/8,G
eg104,EG086,Pinpanipole,2/2,C
eg104,EG087,Pipandor à la Balance,2/4,F
eg104,EG088,P'tit Jean,2/8,g
eg104,EG089,Quand j'étais chez mon père,2/4; 2/8,g
eg104,EG090b,Qui veut manger du lièvre,3/8,G
eg104,EG090c,Qui veut manger du lièvre,3/8,G
eg104,EG090d,Qui veut manger du lièvre,3/8; 2/4,G
eg104,EG091,Sainte Marguerite,2/2,G
eg104,EG092,Si tu mets anguille,3/8,G
eg104,EG093,Suivons le vent,2/4,G
eg104,EG094b,Sur le pont d'Avignon,2/4; 2/8,C
eg104,EG094c,Sur le pont d'Avignon tout le monde y passe,2/4,G
eg104,EG095,Sur le pont de Nantes,3/8,Bb
eg104,EG096,"Tenaouiche tenaga, ouich'ka!",3/8,G
eg104,EG097,Un canadien errant,3/8,G
eg104,EG098,Une perdriole,3/8,e
eg104,EG099,Un jour l'envi m'a pris de déserter de France,3/8,G
eg104,EG100,"Va, va, va, p'tit bonnet, grand bonnet",2/4,C
eg104,EG101,Vive la Canadienne,2/4,F
eg104,EG102,Vive Napoléon!,3/8,G
eg104,EG103,V'la l'bon vent,2/4,a
eg104,EG104,Voici les temps et la saison,2/2,g
